<?xml version="1.0" encoding="utf-8" standalone="yes"?>
<rss version="2.0" xmlns:atom="http://www.w3.org/2005/Atom">
  <channel>
    <title>Younes Bensassi-Nour</title>
    <link>https://bnyounes17.github.io/HugoSite/</link>
    <description>Recent content on Younes Bensassi-Nour</description>
    <generator>Hugo</generator>
    <language>en-us</language>
    <lastBuildDate>Wed, 12 Nov 2025 02:00:03 +0000</lastBuildDate>
    <atom:link href="https://bnyounes17.github.io/HugoSite/index.xml" rel="self" type="application/rss+xml" />
    <item>
      <title>About</title>
      <link>https://bnyounes17.github.io/HugoSite/posts/about/</link>
      <pubDate>Wed, 12 Nov 2025 02:00:03 +0000</pubDate>
      <guid>https://bnyounes17.github.io/HugoSite/posts/about/</guid>
      <description>&lt;h3 id=&#34;about&#34;&gt;About&lt;/h3&gt;&#xA;&lt;p&gt;This is a first post&lt;/p&gt;</description>
    </item>
  </channel>
</rss>
