<?xml version="1.0" encoding="utf-8" standalone="yes"?>
<rss version="2.0" xmlns:atom="http://www.w3.org/2005/Atom">
  <channel>
    <title>Categories on Younes Bensassi-Nour</title>
    <link>https://bnyounes17.github.io/HugoSite/categories/</link>
    <description>Recent content in Categories on Younes Bensassi-Nour</description>
    <generator>Hugo</generator>
    <language>en-us</language>
    <atom:link href="https://bnyounes17.github.io/HugoSite/categories/index.xml" rel="self" type="application/rss+xml" />
  </channel>
</rss>
